,energy,energy_per_atom,volume,formation_energy_per_atom,nsites,unit_cell_formula,pretty_formula,is_hubbard,elements,nelements,e_above_hull,hubbards,is_compatible,spacegroup,task_ids,band_gap,density,total_magnetization,material_id,oxide_type,tags,elasticity
0,-46.29995156,-4.629995156,300.99200380803234,0.11009722200000027,10,"{'Cr': 2.0, 'Ge': 2.0, 'Te': 6.0}",CrGeTe3,False,"['Cr', 'Ge', 'Te']",3,0.2599899088000006,{},True,"{'symprec': 0.1, 'source': 'spglib', 'symbol': 'R-3', 'number': 148, 'point_group': '-3', 'crystal_system': 'trigonal', 'hall': '-R 3'}","['mp-924423', 'mp-908823', 'mp-923807', 'mp-541449', 'mp-1078220', 'mp-1415901', 'mp-1608933', 'mp-1695867']",0.0,5.598935899908832,0.21441275,mp-541449,None,['Phyllo-dichromiumhexatellurodigermanate'],"{'G_Reuss': 3.0, 'G_VRH': 9.0, 'G_Voigt': 16.0, 'G_Voigt_Reuss_Hill': 9.0, 'K_Reuss': 5.0, 'K_VRH': 14.0, 'K_Voigt': 23.0, 'K_Voigt_Reuss_Hill': 14.0, 'elastic_anisotropy': 23.79, 'elastic_tensor': [[77.0, 18.0, 2.0, -0.0, -1.0, 0.0], [18.0, 77.0, 2.0, 0.0, 1.0, 0.0], [2.0, 2.0, 5.0, 0.0, 0.0, 0.0], [-0.0, 0.0, 0.0, 2.0, 0.0, 1.0], [-1.0, 1.0, 0.0, 0.0, 2.0, -0.0], [0.0, 0.0, 0.0, 1.0, -0.0, 29.0]], 'homogeneous_poisson': 0.22, 'poisson_ratio': 0.22, 'universal_anisotropy': 23.79, 'elastic_tensor_original': [[76.76383502289777, 18.003668326952994, 1.8330082084133488, -0.059469285355125655, 0.6922449293769152, -0.10900279564403866], [17.81983941868531, 76.60454316703945, 1.790581029164231, 0.1195001388367189, -0.9891321848453128, -0.029106581589297267], [2.6872941608926277, 2.6872941608926277, 4.74132113335514, 0.0, 0.0, 5.385021200899032e-08], [-0.02990454147051742, -0.13475896569631926, -0.02363985538381609, 1.6798095870606393, -0.008755467101818458, -0.810556924305445], [0.9087818065094284, -0.7345189547566211, 0.14323853232413905, 0.0007426380094367567, 1.6312098827377632, 0.038768670097961345], [-0.001501832934962824, 0.014760747381137716, -0.020825032192688206, -0.8355178088433949, 0.05522336165948305, 29.100627106619875]], 'compliance_tensor': [[14.1, -3.3, -5.1, 0.1, 8.7, 0.0], [-3.3, 14.1, -5.1, -0.1, -8.7, 0.0], [-5.1, -5.1, 215.8, -0.0, -0.0, -0.0], [0.1, -0.1, -0.0, 612.7, 0.0, -17.3], [8.7, -8.7, -0.0, 0.0, 612.7, 0.3], [0.0, 0.0, -0.0, -17.3, 0.3, 34.7]], 'warnings': [], 'nsites': 10}"
