,energy,energy_per_atom,volume,formation_energy_per_atom,nsites,unit_cell_formula,pretty_formula,is_hubbard,elements,nelements,e_above_hull,hubbards,is_compatible,spacegroup,task_ids,band_gap,density,total_magnetization,material_id,oxide_type,tags,elasticity
0,-50.87398955,-5.087398954999999,307.77248980853926,-0.17730439699999961,10,"{'Cr': 2.0, 'Si': 2.0, 'Te': 6.0}",CrSiTe3,False,"['Cr', 'Si', 'Te']",3,0,{},True,"{'symprec': 0.1, 'source': 'spglib', 'symbol': 'R-3', 'number': 148, 'point_group': '-3', 'crystal_system': 'trigonal', 'hall': '-R 3'}","['mp-670811', 'mp-3779', 'mp-687820', 'mp-661292', 'mp-14582', 'mp-1125154', 'mp-1136274', 'mp-1140605', 'mp-1433843', 'mp-1598115', 'mp-1702290', 'mp-1772515']",0.0,4.994812762430259,0.4914262,mp-3779,None,"['Dichromium(II) hexatellurodisilicate', 'Chromium silicon telluride (1/1/3)', 'Dichromium hexatelluro-duosilicate(III)']","{'G_Reuss': 2.0, 'G_VRH': 9.0, 'G_Voigt': 16.0, 'G_Voigt_Reuss_Hill': 9.0, 'K_Reuss': 3.0, 'K_VRH': 13.0, 'K_Voigt': 23.0, 'K_Voigt_Reuss_Hill': 13.0, 'elastic_anisotropy': 34.71, 'elastic_tensor': [[80.0, 18.0, 2.0, 0.0, -1.0, 0.0], [18.0, 80.0, 2.0, -0.0, 1.0, 0.0], [2.0, 2.0, 3.0, 0.0, 0.0, 0.0], [0.0, -0.0, 0.0, 1.0, 0.0, 1.0], [-1.0, 1.0, 0.0, 0.0, 1.0, 0.0], [0.0, 0.0, 0.0, 1.0, 0.0, 31.0]], 'homogeneous_poisson': 0.21, 'poisson_ratio': 0.21, 'universal_anisotropy': 34.71, 'elastic_tensor_original': [[80.2244750005963, 17.886440215087884, 2.0427232155963044, -0.08374995693056263, 1.134652068275208, 0.06888262988633174], [17.72967120721918, 79.50265582462897, 1.2903096130666336, 0.0833032077302907, -0.5079815142515738, 0.0017444622956905205], [1.8393497708330087, 1.8393499906809678, 3.0468101647247545, 0.0, 0.0, -4.279969240069496e-08], [0.018557079022654212, 0.020027862673902695, 0.010806187067590015, 1.2844324512825498, 0.01748535295354144, -0.6103831757966772], [-0.34243614735129074, -0.7843864966830657, 0.4199855822512829, 0.06537847051723908, 1.3597695266165233, 0.015249435122994462], [0.03720709205573758, 0.025740994103564948, 0.03739875655920525, -0.5877205025998661, 0.0009852435281849801, 30.643819517614947]], 'compliance_tensor': [[13.4, -2.9, -6.0, -0.2, 6.9, -0.0], [-2.9, 13.4, -6.0, 0.2, -6.9, -0.0], [-6.0, -6.0, 335.1, -0.0, -0.0, 0.0], [-0.2, 0.2, -0.0, 762.2, -0.0, -13.8], [6.9, -6.9, -0.0, -0.0, 762.2, -0.4], [-0.0, -0.0, 0.0, -13.8, -0.4, 32.7]], 'warnings': [], 'nsites': 10}"
