,energy,energy_per_atom,volume,formation_energy_per_atom,nsites,unit_cell_formula,pretty_formula,is_hubbard,elements,nelements,e_above_hull,hubbards,is_compatible,spacegroup,task_ids,band_gap,density,total_magnetization,material_id,oxide_type,tags,elasticity
0,-38.9124856,-3.8912485599999997,277.6856440506685,-1.5381939405422067,10,"{'Cs': 2.0, 'Co': 2.0, 'Cl': 6.0}",CsCoCl3,False,"['Cs', 'Co', 'Cl']",3,0.005960206749999308,{},True,"{'symprec': 0.1, 'source': 'spglib', 'symbol': 'P6_3/mmc', 'number': 194, 'point_group': '6/mmm', 'crystal_system': 'hexagonal', 'hall': '-P 6c 2c'}","['mp-914460', 'mp-977878', 'mp-992498', 'mp-504708', 'mp-573770', 'mp-1504561', 'mp-1599481', 'mp-1703232']",0.0,3.566398572302789,2.9499623,mp-504708,None,['Cesium cobalt chloride'],"{'G_Reuss': 5.0, 'G_VRH': 6.0, 'G_Voigt': 7.0, 'G_Voigt_Reuss_Hill': 6.0, 'K_Reuss': 15.0, 'K_VRH': 15.0, 'K_Voigt': 16.0, 'K_Voigt_Reuss_Hill': 15.0, 'elastic_anisotropy': 2.12, 'elastic_tensor': [[20.0, 13.0, 6.0, 0.0, 0.0, 0.0], [13.0, 20.0, 6.0, 0.0, 0.0, 0.0], [6.0, 6.0, 50.0, 0.0, 0.0, 0.0], [0.0, 0.0, 0.0, 4.0, 0.0, 0.0], [0.0, 0.0, 0.0, 0.0, 4.0, 0.0], [0.0, 0.0, 0.0, 0.0, 0.0, 4.0]], 'homogeneous_poisson': 0.33, 'poisson_ratio': 0.33, 'universal_anisotropy': 2.12, 'elastic_tensor_original': [[20.611180467358427, 17.195360603010144, 12.407757277233376, 0.0, 0.0, 0.0], [13.189321741823576, 14.92777061705578, 0.008774594031861066, 0.0, 0.0, 0.0], [6.365131679981864, 6.365131159884612, 49.541582936684755, 0.0, 0.0, 0.0], [0.2747068828901957, 0.053933020467876146, 0.39846679010689834, 4.365618761244895, 0.0, 0.0], [0.4652810547086548, -0.8490892663824006, -0.6275986621287697, 0.0, 4.558391421405194, 0.0], [-0.0019450686303136384, -0.018627975896374833, -0.006342909052184368, 0.0, 0.0, 6.5727571611706335]], 'compliance_tensor': [[79.5, -47.7, -4.0, 0.0, 0.0, -0.0], [-47.7, 79.5, -4.0, -0.0, 0.0, -0.0], [-4.0, -4.0, 21.2, -0.0, -0.0, 0.0], [0.0, -0.0, -0.0, 224.1, -0.0, 0.0], [-0.0, 0.0, -0.0, -0.0, 224.1, -0.0], [-0.0, -0.0, 0.0, -0.0, 0.0, 254.4]], 'warnings': [], 'nsites': 10}"
