,energy,energy_per_atom,volume,formation_energy_per_atom,nsites,unit_cell_formula,pretty_formula,is_hubbard,elements,nelements,e_above_hull,hubbards,is_compatible,spacegroup,task_ids,band_gap,density,total_magnetization,material_id,oxide_type,tags,elasticity
0,-41.13911957,-8.227823914,65.49171385629549,-3.0867893873499996,5,"{'K': 1.0, 'Ta': 1.0, 'O': 3.0}",KTaO3,False,"['K', 'Ta', 'O']",3,0,{},True,"{'symprec': 0.1, 'source': 'spglib', 'symbol': 'Pm-3m', 'number': 221, 'point_group': 'm-3m', 'crystal_system': 'cubic', 'hall': '-P 4 2 3'}","['mp-691387', 'mp-664976', 'mp-669248', 'mp-3614', 'mp-1068712', 'mp-1068716', 'mp-1068728', 'mp-1068733', 'mp-1076849', 'mp-1076850', 'mp-1076851', 'mp-1076852', 'mp-1140169', 'mp-1440109', 'mp-1597006', 'mp-1686512']",2.1532,6.796251592212529,8.85e-05,mp-3614,oxide,['Potassium tantalate'],"{'G_Reuss': 118.0, 'G_VRH': 122.0, 'G_Voigt': 127.0, 'G_Voigt_Reuss_Hill': 122.0, 'K_Reuss': 188.0, 'K_VRH': 188.0, 'K_Voigt': 188.0, 'K_Voigt_Reuss_Hill': 188.0, 'elastic_anisotropy': 0.38, 'elastic_tensor': [[415.0, 75.0, 75.0, 0.0, 0.0, 0.0], [75.0, 415.0, 75.0, 0.0, 0.0, 0.0], [75.0, 75.0, 415.0, 0.0, 0.0, 0.0], [0.0, 0.0, 0.0, 98.0, 0.0, 0.0], [0.0, 0.0, 0.0, 0.0, 98.0, 0.0], [0.0, 0.0, 0.0, 0.0, 0.0, 98.0]], 'homogeneous_poisson': 0.23, 'poisson_ratio': 0.23, 'universal_anisotropy': 0.38, 'elastic_tensor_original': [[415.2518349032217, 74.5882483848558, 74.5882483848558, 0.0, 0.0, 0.0], [74.5981054736801, 415.24910311330945, 74.5981054736801, 0.0, 0.0, 0.0], [74.58863416230805, 74.58863416230805, 415.24694200993923, 0.0, 0.0, 0.0], [0.00503534035917921, 0.0034531767217731257, 0.00536340639772, 97.99469880960076, 0.0, 0.0], [0.0014244806059780127, 3.13166067067732e-05, 0.0022884956183742726, 0.0, 97.99463664305308, 0.0], [0.004584724555275288, 0.003473793348966119, 0.005128023515058024, 0.0, 0.0, 97.9945455098943]], 'compliance_tensor': [[2.5, -0.4, -0.4, 0.0, -0.0, 0.0], [-0.4, 2.5, -0.4, 0.0, 0.0, -0.0], [-0.4, -0.4, 2.5, -0.0, 0.0, -0.0], [0.0, 0.0, -0.0, 10.2, -0.0, 0.0], [-0.0, 0.0, 0.0, -0.0, 10.2, -0.0], [0.0, -0.0, -0.0, 0.0, -0.0, 10.2]], 'warnings': [], 'nsites': 5}"
