,energy,energy_per_atom,volume,formation_energy_per_atom,nsites,unit_cell_formula,pretty_formula,is_hubbard,elements,nelements,e_above_hull,hubbards,is_compatible,spacegroup,task_ids,band_gap,density,total_magnetization,material_id,oxide_type,tags,elasticity
0,-38.82379267,-3.882379267,261.6492009140766,-1.5122983074560004,10,"{'Rb': 2.0, 'Co': 2.0, 'Cl': 6.0}",RbCoCl3,False,"['Rb', 'Co', 'Cl']",3,0.008572969250002949,{},True,"{'symprec': 0.1, 'source': 'spglib', 'symbol': 'P6_3/mmc', 'number': 194, 'point_group': '6/mmm', 'crystal_system': 'hexagonal', 'hall': '-P 6c 2c'}","['mp-930360', 'mp-913392', 'mp-929811', 'mp-27707', 'mp-1432776', 'mp-1597339', 'mp-1696162']",0.0,3.182862906389398,3.01406475,mp-27707,None,['Rubidium trichlorocobaltate(II)'],"{'G_Reuss': 3.0, 'G_VRH': 5.0, 'G_Voigt': 6.0, 'G_Voigt_Reuss_Hill': 5.0, 'K_Reuss': 16.0, 'K_VRH': 16.0, 'K_Voigt': 17.0, 'K_Voigt_Reuss_Hill': 16.0, 'elastic_anisotropy': 4.4, 'elastic_tensor': [[22.0, 14.0, 7.0, 0.0, 0.0, 0.0], [14.0, 22.0, 7.0, 0.0, 0.0, 0.0], [7.0, 7.0, 51.0, 0.0, 0.0, 0.0], [0.0, 0.0, 0.0, 2.0, 0.0, 0.0], [0.0, 0.0, 0.0, 0.0, 2.0, 0.0], [0.0, 0.0, 0.0, 0.0, 0.0, 4.0]], 'homogeneous_poisson': 0.37, 'poisson_ratio': 0.37, 'universal_anisotropy': 4.4, 'elastic_tensor_original': [[22.333923291210713, 21.229871059287436, 14.476073812957699, 0.0, 0.0, 0.0], [13.878668309597364, 15.503874901275811, -1.0624243416827908, 0.0, 0.0, 0.0], [6.3777582104836625, 6.377757950336078, 50.5574876062262, 0.0, 0.0, 0.0], [0.05011189151261447, 0.042805981778060775, 0.02149877255221685, 1.9719957016846785, 0.0, 0.0], [-0.026087072666735846, 0.06076299191523678, 0.004616218580580971, 0.0, 2.1811100647509507, 0.0], [-0.007688312400358091, -0.03321133087569671, -0.011340106638815342, 0.0, 0.0, 7.184156911275553]], 'compliance_tensor': [[77.9, -49.2, -3.7, -0.0, -0.0, 0.0], [-49.2, 77.9, -3.7, 0.0, 0.0, 0.0], [-3.7, -3.7, 20.7, -0.0, -0.0, -0.0], [-0.0, 0.0, -0.0, 481.6, 0.0, 0.0], [-0.0, 0.0, -0.0, 0.0, 481.6, -0.0], [0.0, 0.0, -0.0, 0.0, 0.0, 254.2]], 'warnings': [], 'nsites': 10}"
