,energy,energy_per_atom,volume,formation_energy_per_atom,nsites,unit_cell_formula,pretty_formula,is_hubbard,elements,nelements,e_above_hull,hubbards,is_compatible,spacegroup,task_ids,band_gap,density,total_magnetization,material_id,oxide_type,tags,elasticity
0,-15.48223946,-3.096447892,115.26702002886132,-1.051965387956,5,"{'Tl': 1.0, 'Cu': 1.0, 'Cl': 3.0}",TlCuCl3,False,"['Tl', 'Cu', 'Cl']",3,0.01626967999999973,{},True,"{'symprec': 0.1, 'source': 'spglib', 'symbol': 'Pm-3m', 'number': 221, 'point_group': 'm-3m', 'crystal_system': 'cubic', 'hall': '-P 4 2 3'}","['mp-998147', 'mp-998158', 'mp-998170', 'mp-998161', 'mp-998148', 'mp-1391824']",0.0,5.392004878842287,0.0042832,mp-998147,None,[],"{'G_Reuss': 17.0, 'G_VRH': 18.0, 'G_Voigt': 18.0, 'G_Voigt_Reuss_Hill': 18.0, 'K_Reuss': 39.0, 'K_VRH': 39.0, 'K_Voigt': 39.0, 'K_Voigt_Reuss_Hill': 39.0, 'elastic_anisotropy': 0.11, 'elastic_tensor': [[59.0, 30.0, 30.0, 0.0, 0.0, 0.0], [30.0, 59.0, 30.0, 0.0, 0.0, 0.0], [30.0, 30.0, 59.0, 0.0, 0.0, 0.0], [0.0, 0.0, 0.0, 20.0, 0.0, 0.0], [0.0, 0.0, 0.0, 0.0, 20.0, 0.0], [0.0, 0.0, 0.0, 0.0, 0.0, 20.0]], 'homogeneous_poisson': 0.31, 'poisson_ratio': 0.31, 'universal_anisotropy': 0.11, 'elastic_tensor_original': [[58.957924067591186, 29.63496535682717, 29.63496535682717, 0.0, 0.0, 0.0], [29.62922445635659, 58.95093945962088, 29.62922445635659, 0.0, 0.0, 0.0], [29.636409838029294, 29.636409838029294, 58.95888041329583, 0.0, 0.0, 0.0], [0.0003871134370922933, 0.0004740401270586001, 0.0005510334810282766, 19.713313423804504, 0.0, 0.0], [-2.2066672580513997e-05, -9.866669309497195e-07, 5.44233479209286e-05, 0.0, 19.713308833803268, 0.0], [0.0005242568071845784, 0.000466383458339335, 0.0004767701277899648, 0.0, 0.0, 19.713281970462734]], 'compliance_tensor': [[25.6, -8.5, -8.5, 0.0, -0.0, -0.0], [-8.5, 25.6, -8.5, -0.0, 0.0, -0.0], [-8.5, -8.5, 25.6, -0.0, 0.0, 0.0], [0.0, -0.0, -0.0, 50.7, -0.0, -0.0], [-0.0, 0.0, 0.0, -0.0, 50.7, 0.0], [-0.0, -0.0, 0.0, -0.0, 0.0, 50.7]], 'warnings': [], 'nsites': 5}"
