,energy,energy_per_atom,volume,formation_energy_per_atom,nsites,unit_cell_formula,pretty_formula,is_hubbard,elements,nelements,e_above_hull,hubbards,is_compatible,spacegroup,task_ids,band_gap,density,total_magnetization,material_id,oxide_type,tags,elasticity
0,-59.80247182,-8.54321026,93.59330789613777,-2.590930903571429,7,"{'Eu': 2.0, 'Cu': 1.0, 'O': 4.0}",Eu2CuO4,False,"['Eu', 'Cu', 'O']",3,0,{},True,"{'symprec': 0.1, 'source': 'spglib', 'symbol': 'I4/mmm', 'number': 139, 'point_group': '4/mmm', 'crystal_system': 'tetragonal', 'hall': '-I 4 2'}","['mp-992891', 'mp-990884', 'mp-994246', 'mp-22306', 'mp-1351444', 'mp-1595175', 'mp-1678558']",0.0,7.6551995440047325,11.7976481,mp-22306,oxide,"['Europium cuprate', 'Dieuropium copper oxide']","{'G_Reuss': 53.0, 'G_VRH': 57.0, 'G_Voigt': 61.0, 'G_Voigt_Reuss_Hill': 57.0, 'K_Reuss': 119.0, 'K_VRH': 123.0, 'K_Voigt': 127.0, 'K_Voigt_Reuss_Hill': 123.0, 'elastic_anisotropy': 0.8, 'elastic_tensor': [[238.0, 130.0, 57.0, 0.0, 0.0, 0.0], [130.0, 238.0, 57.0, 0.0, 0.0, 0.0], [57.0, 57.0, 179.0, 0.0, 0.0, 0.0], [0.0, 0.0, 0.0, 38.0, 0.0, 0.0], [0.0, 0.0, 0.0, 0.0, 38.0, 0.0], [0.0, 0.0, 0.0, 0.0, 0.0, 89.0]], 'homogeneous_poisson': 0.3, 'poisson_ratio': 0.3, 'universal_anisotropy': 0.8, 'elastic_tensor_original': [[237.77516051700042, 129.85711088307806, 48.954916605758356, 3.999939259792093e-06, 0.0, 0.0], [129.85711088307804, 237.77516051700033, 48.954916605758335, 8.04434005697845e-08, -3.999939261005981e-06, 0.0], [65.55370236274342, 65.55370236274342, 178.50810445249812, 1.46001406173031e-05, -1.46001406173031e-05, 0.0], [0.0, 6.30376907375089e-08, 0.0, 38.362431796688696, 4.951399904479978e-07, -3.15188471917994e-08], [-6.303769181866107e-08, 0.0, 0.0, -4.951399905213178e-07, 38.362431796688675, 3.151884190817037e-08], [0.8941138145540517, -0.8941138145540553, 0.0, -6.930910964328691e-07, 0.0, 89.40711644460313]], 'compliance_tensor': [[6.1, -3.1, -1.0, -0.0, 0.0, 0.0], [-3.1, 6.1, -1.0, 0.0, -0.0, 0.0], [-1.0, -1.0, 6.2, 0.0, 0.0, 0.0], [-0.0, 0.0, 0.0, 26.1, 0.0, 0.0], [0.0, -0.0, 0.0, 0.0, 26.1, 0.0], [0.0, 0.0, 0.0, 0.0, 0.0, 11.2]], 'warnings': ['Contains a rare earth element'], 'nsites': 7}"
